prompt,output,flag,username,timestamp
"hi,tell me about data science",,,,2024-05-20 16:51:12.500444
"hi,tell me about data science",,,,2024-05-20 16:51:15.466389
"hi,tell me about data science",,,,2024-05-20 16:51:17.916400
"hi,tell me about data science",,,,2024-05-20 16:51:20.884131
"hi,tell me about data science",,,,2024-05-20 16:51:33.901628
"hi,tell me about data science",,,,2024-05-20 16:51:36.118207
"hi,tell me about data science","'
Certainly! Data science is a field that combines mathematical and computational techniques to extract insights and knowledge from data. It involves using various tools and techniques to analyze, transform, and visualize data in order to identify patterns, trends, and relationships within the data.

Here are some key concepts and techniques used in data science:

1. Data Acquisition: This involves collecting and cleaning the data that will be analyzed. This can include gathering data from various sources, such as databases, APIs, or files, and ensuring that the data is in a usable format.
2. Data Preprocessing: Once the data is acquired, it needs to be cleaned and preprocessed before analysis. This can involve removing missing or irrelevant values, handling outliers, and transforming the data into a suitable format for analysis.
3. Machine Learning: Machine learning is a key aspect of data science. It involves using algorithms to analyze the data and make predictions or decisions based on the insights gained from the data. Common machine learning techniques include linear regression, decision trees, and neural networks.
4. Data Visualization: Data visualization is the process of creating visual representations of the data in order to better understand it. This can involve creating plots, charts, and graphs to help identify patterns and trends in the data.
5. Statistical Analysis: Statistical analysis involves using statistical techniques to analyze the data and draw conclusions about it. This can include hypothesis testing, regression analysis, and time series analysis.
6. Data Mining: Data mining is the process of automatically discovering patterns and trends in large datasets. It involves using algorithms to identify patterns and relationships in the data that may not be immediately apparent.
7. Big Data: Big data refers to the large amounts of data that are generated by various sources, such as social media, sensors, and IoT devices. Data scientists use specialized tools and techniques to analyze these large datasets and extract insights from them.
8. Cloud Computing: Cloud computing is the delivery of computing resources over the internet, allowing data scientists to access powerful computing resources on demand. This allows for faster processing times and greater scalability than traditional computing methods.
9. Data Ethics: With the increasing use of data science in various industries, there is a growing need to consider the ethical implications of collecting and analyzing data. Data scientists must be aware of privacy concerns, potential biases in algorithms, and other ethical issues related to data collection and analysis.
10. Communication: Data scientists must be able to communicate their findings effectively to non-technical stakeholders. This involves presenting complex technical concepts in a clear and concise manner, and being able to explain the insights gained from the data in simple terms.

Some common applications of data science include:

1. Predictive Maintenance: Data scientists can use machine learning algorithms to predict when equipment is likely to fail, allowing for proactive maintenance and reducing downtime.
2. Fraud Detection: Data scientists can use statistical analysis and machine learning techniques to identify patterns of fraudulent behavior in financial transactions.
3. Recommendation Systems: Data scientists can use collaborative filtering and matrix factorization algorithms to recommend products or services based on a user's past behavior.
4. Healthcare Analytics: Data scientists can use statistical analysis and machine learning techniques to identify patterns of disease and develop more effective treatments.
5. Customer Segmentation: Data scientists can use clustering algorithms to segment customers based on their behaviors and preferences, allowing for more targeted marketing and customer service.
6. Sentiment Analysis: Data scientists can use natural language processing techniques to analyze customer feedback and sentiment, allowing for more effective customer service and product development.
7. Supply Chain Optimization: Data scientists can use optimization algorithms to optimize supply chain operations, reducing costs and improving efficiency.
8. Fraud Detection in Insurance: Data scientists can use machine learning techniques to identify patterns of fraudulent claims, reducing the amount of fraudulent activity in the insurance industry.
9. Predictive Analytics in Education: Data scientists can use statistical analysis and machine learning techniques to predict student outcomes, such as dropout rates or academic performance, allowing for more effective interventions and improving educational outcomes.
10. Environmental Monitoring: Data scientists can use sensor data and machine learning algorithms to monitor environmental conditions, such as air quality or water quality, and provide real-time insights for decision making.",,,2024-05-20 17:05:52.462879
"hi,tell me about data science","'
Certainly! Data science is a field that combines mathematical and computational techniques to extract insights and knowledge from data. It involves using various tools and techniques to analyze, transform, and visualize data in order to identify patterns, trends, and relationships within the data.

Here are some key concepts and techniques used in data science:

1. Data Acquisition: This involves collecting and cleaning the data that will be analyzed. This can include gathering data from various sources, such as databases, APIs, or files, and ensuring that the data is in a usable format.
2. Data Preprocessing: Once the data is acquired, it needs to be cleaned and preprocessed before analysis. This can involve removing missing or irrelevant values, handling outliers, and transforming the data into a suitable format for analysis.
3. Machine Learning: Machine learning is a key aspect of data science. It involves using algorithms to analyze the data and make predictions or decisions based on the insights gained from the data. Common machine learning techniques include linear regression, decision trees, and neural networks.
4. Data Visualization: Data visualization is the process of creating visual representations of the data in order to better understand it. This can involve creating plots, charts, and graphs to help identify patterns and trends in the data.
5. Statistical Analysis: Statistical analysis involves using statistical techniques to analyze the data and draw conclusions about it. This can include hypothesis testing, regression analysis, and time series analysis.
6. Data Mining: Data mining is the process of automatically discovering patterns and trends in large datasets. It involves using algorithms to identify patterns and relationships in the data that may not be immediately apparent.
7. Big Data: Big data refers to the large amounts of data that are generated by various sources, such as social media, sensors, and IoT devices. Data scientists use specialized tools and techniques to analyze these large datasets and extract insights from them.
8. Cloud Computing: Cloud computing is the delivery of computing resources over the internet, allowing data scientists to access powerful computing resources on demand. This allows for faster processing times and greater scalability than traditional computing methods.
9. Data Ethics: With the increasing use of data science in various industries, there is a growing need to consider the ethical implications of collecting and analyzing data. Data scientists must be aware of privacy concerns, potential biases in algorithms, and other ethical issues related to data collection and analysis.
10. Communication: Data scientists must be able to communicate their findings effectively to non-technical stakeholders. This involves presenting complex technical concepts in a clear and concise manner, and being able to explain the insights gained from the data in simple terms.

Some common applications of data science include:

1. Predictive Maintenance: Data scientists can use machine learning algorithms to predict when equipment is likely to fail, allowing for proactive maintenance and reducing downtime.
2. Fraud Detection: Data scientists can use statistical analysis and machine learning techniques to identify patterns of fraudulent behavior in financial transactions.
3. Recommendation Systems: Data scientists can use collaborative filtering and matrix factorization algorithms to recommend products or services based on a user's past behavior.
4. Healthcare Analytics: Data scientists can use statistical analysis and machine learning techniques to identify patterns of disease and develop more effective treatments.
5. Customer Segmentation: Data scientists can use clustering algorithms to segment customers based on their behaviors and preferences, allowing for more targeted marketing and customer service.
6. Sentiment Analysis: Data scientists can use natural language processing techniques to analyze customer feedback and sentiment, allowing for more effective customer service and product development.
7. Supply Chain Optimization: Data scientists can use optimization algorithms to optimize supply chain operations, reducing costs and improving efficiency.
8. Fraud Detection in Insurance: Data scientists can use machine learning techniques to identify patterns of fraudulent claims, reducing the amount of fraudulent activity in the insurance industry.
9. Predictive Analytics in Education: Data scientists can use statistical analysis and machine learning techniques to predict student outcomes, such as dropout rates or academic performance, allowing for more effective interventions and improving educational outcomes.
10. Environmental Monitoring: Data scientists can use sensor data and machine learning algorithms to monitor environmental conditions, such as air quality or water quality, and provide real-time insights for decision making.",,,2024-05-20 17:05:54.934439
"hi,tell me about data science","'
Certainly! Data science is a field that combines mathematical and computational techniques to extract insights and knowledge from data. It involves using various tools and techniques to analyze, transform, and visualize data in order to identify patterns, trends, and relationships within the data.

Here are some key concepts and techniques used in data science:

1. Data Acquisition: This involves collecting and cleaning the data that will be analyzed. This can include gathering data from various sources, such as databases, APIs, or files, and ensuring that the data is in a usable format.
2. Data Preprocessing: Once the data is acquired, it needs to be cleaned and preprocessed before analysis. This can involve removing missing or irrelevant values, handling outliers, and transforming the data into a suitable format for analysis.
3. Machine Learning: Machine learning is a key aspect of data science. It involves using algorithms to analyze the data and make predictions or decisions based on the insights gained from the data. Common machine learning techniques include linear regression, decision trees, and neural networks.
4. Data Visualization: Data visualization is the process of creating visual representations of the data in order to better understand it. This can involve creating plots, charts, and graphs to help identify patterns and trends in the data.
5. Statistical Analysis: Statistical analysis involves using statistical techniques to analyze the data and draw conclusions about it. This can include hypothesis testing, regression analysis, and time series analysis.
6. Data Mining: Data mining is the process of automatically discovering patterns and trends in large datasets. It involves using algorithms to identify patterns and relationships in the data that may not be immediately apparent.
7. Big Data: Big data refers to the large amounts of data that are generated by various sources, such as social media, sensors, and IoT devices. Data scientists use specialized tools and techniques to analyze these large datasets and extract insights from them.
8. Cloud Computing: Cloud computing is the delivery of computing resources over the internet, allowing data scientists to access powerful computing resources on demand. This allows for faster processing times and greater scalability than traditional computing methods.
9. Data Ethics: With the increasing use of data science in various industries, there is a growing need to consider the ethical implications of collecting and analyzing data. Data scientists must be aware of privacy concerns, potential biases in algorithms, and other ethical issues related to data collection and analysis.
10. Communication: Data scientists must be able to communicate their findings effectively to non-technical stakeholders. This involves presenting complex technical concepts in a clear and concise manner, and being able to explain the insights gained from the data in simple terms.

Some common applications of data science include:

1. Predictive Maintenance: Data scientists can use machine learning algorithms to predict when equipment is likely to fail, allowing for proactive maintenance and reducing downtime.
2. Fraud Detection: Data scientists can use statistical analysis and machine learning techniques to identify patterns of fraudulent behavior in financial transactions.
3. Recommendation Systems: Data scientists can use collaborative filtering and matrix factorization algorithms to recommend products or services based on a user's past behavior.
4. Healthcare Analytics: Data scientists can use statistical analysis and machine learning techniques to identify patterns of disease and develop more effective treatments.
5. Customer Segmentation: Data scientists can use clustering algorithms to segment customers based on their behaviors and preferences, allowing for more targeted marketing and customer service.
6. Sentiment Analysis: Data scientists can use natural language processing techniques to analyze customer feedback and sentiment, allowing for more effective customer service and product development.
7. Supply Chain Optimization: Data scientists can use optimization algorithms to optimize supply chain operations, reducing costs and improving efficiency.
8. Fraud Detection in Insurance: Data scientists can use machine learning techniques to identify patterns of fraudulent claims, reducing the amount of fraudulent activity in the insurance industry.
9. Predictive Analytics in Education: Data scientists can use statistical analysis and machine learning techniques to predict student outcomes, such as dropout rates or academic performance, allowing for more effective interventions and improving educational outcomes.
10. Environmental Monitoring: Data scientists can use sensor data and machine learning algorithms to monitor environmental conditions, such as air quality or water quality, and provide real-time insights for decision making.",,,2024-05-20 17:06:32.249078
"hi,tell me about data science","'
Certainly! Data science is a field that combines mathematical and computational techniques to extract insights and knowledge from data. It involves using various tools and techniques to analyze, transform, and visualize data in order to identify patterns, trends, and relationships within the data.

Here are some key concepts and techniques used in data science:

1. Data Acquisition: This involves collecting and cleaning the data that will be analyzed. This can include gathering data from various sources, such as databases, APIs, or files, and ensuring that the data is in a usable format.
2. Data Preprocessing: Once the data is acquired, it needs to be cleaned and preprocessed before analysis. This can involve removing missing or irrelevant values, handling outliers, and transforming the data into a suitable format for analysis.
3. Machine Learning: Machine learning is a key aspect of data science. It involves using algorithms to analyze the data and make predictions or decisions based on the insights gained from the data. Common machine learning techniques include linear regression, decision trees, and neural networks.
4. Data Visualization: Data visualization is the process of creating visual representations of the data in order to better understand it. This can involve creating plots, charts, and graphs to help identify patterns and trends in the data.
5. Statistical Analysis: Statistical analysis involves using statistical techniques to analyze the data and draw conclusions about it. This can include hypothesis testing, regression analysis, and time series analysis.
6. Data Mining: Data mining is the process of automatically discovering patterns and trends in large datasets. It involves using algorithms to identify patterns and relationships in the data that may not be immediately apparent.
7. Big Data: Big data refers to the large amounts of data that are generated by various sources, such as social media, sensors, and IoT devices. Data scientists use specialized tools and techniques to analyze these large datasets and extract insights from them.
8. Cloud Computing: Cloud computing is the delivery of computing resources over the internet, allowing data scientists to access powerful computing resources on demand. This allows for faster processing times and greater scalability than traditional computing methods.
9. Data Ethics: With the increasing use of data science in various industries, there is a growing need to consider the ethical implications of collecting and analyzing data. Data scientists must be aware of privacy concerns, potential biases in algorithms, and other ethical issues related to data collection and analysis.
10. Communication: Data scientists must be able to communicate their findings effectively to non-technical stakeholders. This involves presenting complex technical concepts in a clear and concise manner, and being able to explain the insights gained from the data in simple terms.

Some common applications of data science include:

1. Predictive Maintenance: Data scientists can use machine learning algorithms to predict when equipment is likely to fail, allowing for proactive maintenance and reducing downtime.
2. Fraud Detection: Data scientists can use statistical analysis and machine learning techniques to identify patterns of fraudulent behavior in financial transactions.
3. Recommendation Systems: Data scientists can use collaborative filtering and matrix factorization algorithms to recommend products or services based on a user's past behavior.
4. Healthcare Analytics: Data scientists can use statistical analysis and machine learning techniques to identify patterns of disease and develop more effective treatments.
5. Customer Segmentation: Data scientists can use clustering algorithms to segment customers based on their behaviors and preferences, allowing for more targeted marketing and customer service.
6. Sentiment Analysis: Data scientists can use natural language processing techniques to analyze customer feedback and sentiment, allowing for more effective customer service and product development.
7. Supply Chain Optimization: Data scientists can use optimization algorithms to optimize supply chain operations, reducing costs and improving efficiency.
8. Fraud Detection in Insurance: Data scientists can use machine learning techniques to identify patterns of fraudulent claims, reducing the amount of fraudulent activity in the insurance industry.
9. Predictive Analytics in Education: Data scientists can use statistical analysis and machine learning techniques to predict student outcomes, such as dropout rates or academic performance, allowing for more effective interventions and improving educational outcomes.
10. Environmental Monitoring: Data scientists can use sensor data and machine learning algorithms to monitor environmental conditions, such as air quality or water quality, and provide real-time insights for decision making.",,,2024-05-20 17:06:34.475720
"hi,tell me about data science","'
Certainly! Data science is a field that combines mathematical and computational techniques to extract insights and knowledge from data. It involves using various tools and techniques to analyze, transform, and visualize data in order to identify patterns, trends, and relationships within the data.

Here are some key concepts and techniques used in data science:

1. Data Acquisition: This involves collecting and cleaning the data that will be analyzed. This can include gathering data from various sources, such as databases, APIs, or files, and ensuring that the data is in a usable format.
2. Data Preprocessing: Once the data is acquired, it needs to be cleaned and preprocessed before analysis. This can involve removing missing or irrelevant values, handling outliers, and transforming the data into a suitable format for analysis.
3. Machine Learning: Machine learning is a key aspect of data science. It involves using algorithms to analyze the data and make predictions or decisions based on the insights gained from the data. Common machine learning techniques include linear regression, decision trees, and neural networks.
4. Data Visualization: Data visualization is the process of creating visual representations of the data in order to better understand it. This can involve creating plots, charts, and graphs to help identify patterns and trends in the data.
5. Statistical Analysis: Statistical analysis involves using statistical techniques to analyze the data and draw conclusions about it. This can include hypothesis testing, regression analysis, and time series analysis.
6. Data Mining: Data mining is the process of automatically discovering patterns and trends in large datasets. It involves using algorithms to identify patterns and relationships in the data that may not be immediately apparent.
7. Big Data: Big data refers to the large amounts of data that are generated by various sources, such as social media, sensors, and IoT devices. Data scientists use specialized tools and techniques to analyze these large datasets and extract insights from them.
8. Cloud Computing: Cloud computing is the delivery of computing resources over the internet, allowing data scientists to access powerful computing resources on demand. This allows for faster processing times and greater scalability than traditional computing methods.
9. Data Ethics: With the increasing use of data science in various industries, there is a growing need to consider the ethical implications of collecting and analyzing data. Data scientists must be aware of privacy concerns, potential biases in algorithms, and other ethical issues related to data collection and analysis.
10. Communication: Data scientists must be able to communicate their findings effectively to non-technical stakeholders. This involves presenting complex technical concepts in a clear and concise manner, and being able to explain the insights gained from the data in simple terms.

Some common applications of data science include:

1. Predictive Maintenance: Data scientists can use machine learning algorithms to predict when equipment is likely to fail, allowing for proactive maintenance and reducing downtime.
2. Fraud Detection: Data scientists can use statistical analysis and machine learning techniques to identify patterns of fraudulent behavior in financial transactions.
3. Recommendation Systems: Data scientists can use collaborative filtering and matrix factorization algorithms to recommend products or services based on a user's past behavior.
4. Healthcare Analytics: Data scientists can use statistical analysis and machine learning techniques to identify patterns of disease and develop more effective treatments.
5. Customer Segmentation: Data scientists can use clustering algorithms to segment customers based on their behaviors and preferences, allowing for more targeted marketing and customer service.
6. Sentiment Analysis: Data scientists can use natural language processing techniques to analyze customer feedback and sentiment, allowing for more effective customer service and product development.
7. Supply Chain Optimization: Data scientists can use optimization algorithms to optimize supply chain operations, reducing costs and improving efficiency.
8. Fraud Detection in Insurance: Data scientists can use machine learning techniques to identify patterns of fraudulent claims, reducing the amount of fraudulent activity in the insurance industry.
9. Predictive Analytics in Education: Data scientists can use statistical analysis and machine learning techniques to predict student outcomes, such as dropout rates or academic performance, allowing for more effective interventions and improving educational outcomes.
10. Environmental Monitoring: Data scientists can use sensor data and machine learning algorithms to monitor environmental conditions, such as air quality or water quality, and provide real-time insights for decision making.",,,2024-05-20 17:06:36.444467
